{"cameraMode":{"drawMode":0,"name":"Shaded","section":"Shading Mode"},"sceneLighting":false,"audioPlay":false,"sceneViewState":{"m_AlwaysRefresh":false,"showFog":false,"showSkybox":false,"showFlares":false,"showImageEffects":false,"showParticleSystems":false,"showVisualEffectGraphs":true,"m_FxEnabled":true},"in2DMode":false,"pivot":{"x":-0.20749592781066895,"y":0.22936344146728517,"z":-3.767125129699707},"rotation":{"x":0.002968595363199711,"y":-0.9887728095054627,"z":0.14823515713214875,"w":0.01988651230931282},"size":3.3122305870056154,"orthographic":false}